student_id,subject_id,grade,grade2
8,3,2,2.0
9,5,5,3.5869267406983254
2,4,3,2.334256220767529
6,2,5,3.6631920934125737
1,2,5,3.211585207626369
3,4,3,2.421302599680474
5,1,3,2.310436698033135
1,3,3,2.3114920365296454
6,3,5,3.723518780798549
10,3,5,3.8313041715116944
10,4,3,2.772891718720404
6,3,5,3.3165520631830776
5,4,5,3.514163354927222
8,5,4,3.3262704047331257
10,1,4,2.398606040110149
10,3,3,2.197672340666146
1,1,5,3.2932646852036918
7,4,3,2.094053457002423
8,1,4,2.9424259737992693
2,3,2,2.0
